<?xml version="1.0" encoding="utf-8" ?>
<Defs>

  <AlienRace.RaceSettings>
    <defName>GNK_Power_Settings</defName>
    <pawnKindSettings>
      <startingColonists>
        <li>
          <pawnKindEntries>
            <li>
              <kindDefs>
                <li>Pawn_GNK_Power</li>
              </kindDefs>
              <chance>20.0</chance>
            </li>
          </pawnKindEntries>
          <factionDefs>
            <li>DroidPlayerColony</li>
          </factionDefs>
        </li>
      </startingColonists>
    </pawnKindSettings>
  </AlienRace.RaceSettings>

</Defs>