﻿<?xml version="1.0" encoding="utf-8"?>
<Defs>

  <AlienRace.ThingDef_AlienRace ParentName="SW_Droid_Base">
    <defName>FX7_MedicalAssistant</defName>
    <label>FX-7 Medical Assistant Droid</label>
    <description>The FX-7 medical assistant droids were often immobile, cylindrical droids with numerous "arms" that assisted patients during surgery or other medical procedures.</description>
    <alienRace>
      <generalSettings>
        <forcedRaceTraitEntries>
          <li>
            <defName>SupportAI</defName>
            <chance>100</chance>
          </li>
        </forcedRaceTraitEntries>
        <notXenophobistTowards>
          <li>Human</li>
          <!--<li>21B_Medical</li>-->
          <li>FX_MedicalAssistant</li>
          <li>GNK_Power</li>
          <li>MSE6_Repair</li>
          <li>Viper_Probe</li>
        </notXenophobistTowards>
        <alienPartGenerator>
          <aliencrowntypes>
            <li>Male</li>
          </aliencrowntypes>
          <alienbodytypes>
            <li>Male</li>
          </alienbodytypes>
          <useGenderedHeads>false</useGenderedHeads>
          <useGenderedBodies>false</useGenderedBodies>
          <customDrawSize>(0.9, 0.9)</customDrawSize>
          <customPortraitDrawSize>(1, 1)</customPortraitDrawSize>
          <alienskincolorgen Class="ColorGenerator_Options">
            <!--=======!!!!!!!!!!!!!!!!!!!!!!!!!=========-->
            <options>
              <li>
                <!--Dark Grey-->
                <weight>20</weight>
                <only>(100,100,100)</only>
              </li>
              <li>
                <!--Grey-->
                <weight>30</weight>
                <only>(120,120,120)</only>
              </li>
            </options>
          </alienskincolorgen>
        </alienPartGenerator>
      </generalSettings>
      <graphicPaths>
        <li>
          <body>Races/FX7/</body>
        </li>
      </graphicPaths>
      <raceRestriction>
        <onlyUseRaceRestrictedWeapons>true</onlyUseRaceRestrictedWeapons>
      </raceRestriction>
    </alienRace>
    <statBases>
      <MarketValue>3500</MarketValue>

      <MedicalTendQuality>1.4</MedicalTendQuality>
      <MedicalSurgerySuccessChance>1.1</MedicalSurgerySuccessChance>
      <GeneralLaborSpeed>1</GeneralLaborSpeed>
      

      <MeleeDodgeChance>.75</MeleeDodgeChance>
      <ToxicSensitivity>0</ToxicSensitivity>
      <MoveSpeed>0.50</MoveSpeed>
      <Flammability>0</Flammability>
      <ImmunityGainSpeed>10</ImmunityGainSpeed>
      <ArmorRating_Sharp>.40</ArmorRating_Sharp>
      <ArmorRating_Blunt>.20</ArmorRating_Blunt>
      <ArmorRating_Heat>2.00</ArmorRating_Heat>
      <ComfyTemperatureMin>-200</ComfyTemperatureMin>
      <ComfyTemperatureMax>200</ComfyTemperatureMax>
      <PainShockThreshold>0.99</PainShockThreshold>
      <HungerRateMultiplier>0</HungerRateMultiplier>
      <CarryingCapacity>25</CarryingCapacity>
      <Mass>77.66</Mass>
      <EatingSpeed>0</EatingSpeed>
      <WorkSpeedGlobal>0</WorkSpeedGlobal>
      <LeatherAmount>0</LeatherAmount>
      <MeatAmount>0</MeatAmount>
      <ResearchSpeed>0</ResearchSpeed>
      <PlantWorkSpeed>0</PlantWorkSpeed>
      <GlobalLearningFactor>0</GlobalLearningFactor>
      <!--violence -->
      <HuntingStealth>0</HuntingStealth>
      <NegotiationAbility>0</NegotiationAbility>
      <TradePriceImprovement>0</TradePriceImprovement>
      <SocialImpact>0</SocialImpact>
      <!--foragers -->
      <CookSpeed>0</CookSpeed>
      <ButcheryFleshSpeed>0</ButcheryFleshSpeed>
      <ButcheryFleshEfficiency>0</ButcheryFleshEfficiency>
      <!--primative -->
      <DrugCookingSpeed>0</DrugCookingSpeed>
      <SmeltingSpeed>0</SmeltingSpeed>
      <!--animal-like -->
      <PsychicSensitivity>0</PsychicSensitivity>
      <TrainAnimalChance>0</TrainAnimalChance>
      <TameAnimalChance>0</TameAnimalChance>
      <SmoothingSpeed>0</SmoothingSpeed>
      <AnimalGatherSpeed>0</AnimalGatherSpeed>
      <MiningSpeed>0</MiningSpeed>
    </statBases>
    <tools>
      <li>
        <label>left fist</label>
        <capacities>
          <li>Blunt</li>
        </capacities>
        <power>8.2</power>
        <cooldownTime>2</cooldownTime>
        <linkedBodyPartsGroup>Hands</linkedBodyPartsGroup>
        <surpriseAttack>
          <extraMeleeDamages>
            <li>
              <def>Stun</def>
              <amount>14</amount>
            </li>
          </extraMeleeDamages>
        </surpriseAttack>
      </li>
      <li>
        <label>right fist</label>
        <capacities>
          <li>Blunt</li>
        </capacities>
        <power>8.2</power>
        <cooldownTime>2</cooldownTime>
        <linkedBodyPartsGroup>Hands</linkedBodyPartsGroup>
        <surpriseAttack>
          <extraMeleeDamages>
            <li>
              <def>Stun</def>
              <amount>14</amount>
            </li>
          </extraMeleeDamages>
        </surpriseAttack>
      </li>
    </tools>
    <race>
      <nameGenerator>NamerPersonFXVII</nameGenerator>
      <body>FX7_Droid_Body</body>
      <baseBodySize>0.85</baseBodySize>
      <baseHealthScale>0.9</baseHealthScale>
      <hediffGiverSets>
        <li>SupportTraitsGiver</li>
      </hediffGiverSets>
    </race>
    <recipes>
      <li>SW_Install_Heat_Exaust</li>
      <li>SW_Install_Power_Cell</li>
      <li>SW_Install_Fluid_Reprocessor</li>
      <li>SW_Install_Analysis_Processors</li>
      <li>SW_Install_Scomp_Link_Port</li>
      <li>SW_Install_Loudspeaker</li>
      <li>SW_Install_Medical_Diagnostic_Sensors</li>
      <li>SW_Install_Arm</li>
      <li>SW_Install_Rotator_Base</li>
      <li>Deactivate_Social</li>
      <li>Activate_Social</li>
      <li>SW_Install_Arm_Computer_Scomp_Link</li>
      <li>SW_Install_Arm_Repair_Arm</li>
      <li>SW_Install_Arm_Charge_Arm</li>
      <li>SW_Install_Arm_Electric_Arc_Welder</li>
      <li>SW_Install_Arm_Circular_Saw</li>
      <li>SW_Install_Arm_Hypodermic_Injector</li>
      <li>SW_Install_Arm_Cutting_Saw</li>
    </recipes>
    <butcherProducts>
      <Steel>90</Steel>
      <Plasteel>60</Plasteel>
      <ComponentIndustrial>6</ComponentIndustrial>
      <ComponentSpacer>1</ComponentSpacer>
    </butcherProducts>
  </AlienRace.ThingDef_AlienRace>

</Defs>