﻿<?xml version="1.0" encoding="utf-8"?>
<Defs>
  
  <PawnKindDef>
    <defName>Pawn_21B_Medical</defName>
    <race>21B_Medical</race>
    <combatPower>30</combatPower>
    <isFighter>false</isFighter>
    <apparelIgnoreSeasons>true</apparelIgnoreSeasons>
    <forceNormalGearQuality>true</forceNormalGearQuality>
	  <defaultFactionType>PlayerColony</defaultFactionType>
    <backstoryFiltersOverride>
      <li>
        <categories>
          <li>MedicalDroidBackstory</li>
        </categories>
      </li>
    </backstoryFiltersOverride>
    <chemicalAddictionChance>0.00</chemicalAddictionChance>
    <apparelTags>
    </apparelTags>
    <apparelMoney>
      <min>0</min>
      <max>0</max>
    </apparelMoney>
    <backstoryCryptosleepCommonality>0</backstoryCryptosleepCommonality>
    <techHediffsMoney>
      <min>120</min>
      <max>3000</max>
    </techHediffsMoney>
    <techHediffsTags>
      <li>Good</li>
    </techHediffsTags>
    <techHediffsChance>0.02</techHediffsChance>
	  <minGenerationAge>1</minGenerationAge>
    <maxGenerationAge>300</maxGenerationAge>
   </PawnKindDef>

  <PawnKindDef>
    <defName>Pawn_FX7_MedicalAssistant</defName>
    <race>FX7_MedicalAssistant</race>
    <combatPower>30</combatPower>
    <isFighter>false</isFighter>
    <apparelIgnoreSeasons>true</apparelIgnoreSeasons>
    <forceNormalGearQuality>true</forceNormalGearQuality>
    <defaultFactionType>PlayerColony</defaultFactionType>
    <backstoryFiltersOverride>
      <li>
        <categories>
          <li>MedicalAssistantDroidBackstory</li>
        </categories>
      </li>
    </backstoryFiltersOverride>
    <chemicalAddictionChance>0.00</chemicalAddictionChance>
    <apparelTags>
    </apparelTags>
    <apparelMoney>
      <min>0</min>
      <max>0</max>
    </apparelMoney>
    <backstoryCryptosleepCommonality>0</backstoryCryptosleepCommonality>
    <techHediffsMoney>
      <min>120</min>
      <max>3000</max>
    </techHediffsMoney>
    <techHediffsTags>
      <li>Good</li>
    </techHediffsTags>
    <techHediffsChance>0.02</techHediffsChance>
    <minGenerationAge>1</minGenerationAge>
    <maxGenerationAge>300</maxGenerationAge>
  </PawnKindDef>

  <PawnKindDef>
    <defName>Pawn_GNK_Power</defName>
    <race>GNK_Power</race>
    <combatPower>30</combatPower>
    <isFighter>false</isFighter>
    <apparelIgnoreSeasons>true</apparelIgnoreSeasons>
    <forceNormalGearQuality>true</forceNormalGearQuality>
    <defaultFactionType>PlayerColony</defaultFactionType>
    <backstoryFiltersOverride>
      <li>
        <categories>
          <li>PowerDroidBackstory</li>
        </categories>
      </li>
    </backstoryFiltersOverride>
    <chemicalAddictionChance>0.00</chemicalAddictionChance>
    <apparelTags>
    </apparelTags>
    <apparelMoney>
      <min>0</min>
      <max>0</max>
    </apparelMoney>
    <backstoryCryptosleepCommonality>0</backstoryCryptosleepCommonality>
    <techHediffsMoney>
      <min>120</min>
      <max>3000</max>
    </techHediffsMoney>
    <techHediffsTags>
      <li>Good</li>
    </techHediffsTags>
    <techHediffsChance>0.02</techHediffsChance>
    <minGenerationAge>1</minGenerationAge>
    <maxGenerationAge>300</maxGenerationAge>
  </PawnKindDef>

  <PawnKindDef>
    <defName>Pawn_MSE6_Repair</defName>
    <race>MSE6_Repair</race>
    <combatPower>30</combatPower>
    <isFighter>false</isFighter>
    <apparelIgnoreSeasons>true</apparelIgnoreSeasons>
    <forceNormalGearQuality>true</forceNormalGearQuality>
    <defaultFactionType>PlayerColony</defaultFactionType>
    <backstoryFiltersOverride>
      <li>
        <categories>
          <li>RepairDroidBackstory</li>
        </categories>
      </li>
    </backstoryFiltersOverride>
    <chemicalAddictionChance>0.00</chemicalAddictionChance>
    <apparelTags>
    </apparelTags>
    <apparelMoney>
      <min>0</min>
      <max>0</max>
    </apparelMoney>
    <backstoryCryptosleepCommonality>0</backstoryCryptosleepCommonality>
    <techHediffsMoney>
      <min>120</min>
      <max>3000</max>
    </techHediffsMoney>
    <techHediffsTags>
      <li>Good</li>
    </techHediffsTags>
    <techHediffsChance>0.02</techHediffsChance>
    <minGenerationAge>1</minGenerationAge>
    <maxGenerationAge>300</maxGenerationAge>
  </PawnKindDef>

  <PawnKindDef>
    <defName>Pawn_Viper_Probe</defName>
    <race>Viper_Probe</race>
    <combatPower>30</combatPower>
    <isFighter>true</isFighter>
    <apparelIgnoreSeasons>true</apparelIgnoreSeasons>
    <forceNormalGearQuality>true</forceNormalGearQuality>
    <defaultFactionType>PlayerColony</defaultFactionType>
    <backstoryFiltersOverride>
      <li>
        <categories>
          <li>ProbeDroidBackstory</li>
        </categories>
      </li>
    </backstoryFiltersOverride>
    <chemicalAddictionChance>0.00</chemicalAddictionChance>
    <apparelTags>
    </apparelTags>
    <apparelMoney>
      <min>0</min>
      <max>0</max>
    </apparelMoney>
    <backstoryCryptosleepCommonality>0</backstoryCryptosleepCommonality>
    <techHediffsMoney>
      <min>120</min>
      <max>3000</max>
    </techHediffsMoney>
    <techHediffsTags>
      <li>Good</li>
    </techHediffsTags>
    <techHediffsChance>0.02</techHediffsChance>
    <minGenerationAge>1</minGenerationAge>
    <maxGenerationAge>300</maxGenerationAge>
  </PawnKindDef>

  <PawnKindDef>
    <defName>Pawn_Viper_Probe_Pod</defName>
    <race>Viper_Probe</race>
    <combatPower>30</combatPower>
    <isFighter>true</isFighter>
    <apparelIgnoreSeasons>true</apparelIgnoreSeasons>
    <forceNormalGearQuality>true</forceNormalGearQuality>
    <defaultFactionType>Pirate</defaultFactionType>
    <backstoryFiltersOverride>
      <li>
        <categories>
          <li>ProbeDroidBackstory</li>
        </categories>
      </li>
    </backstoryFiltersOverride>
    <chemicalAddictionChance>0.00</chemicalAddictionChance>
    <apparelTags>
    </apparelTags>
    <apparelMoney>
      <min>0</min>
      <max>0</max>
    </apparelMoney>
    <backstoryCryptosleepCommonality>0</backstoryCryptosleepCommonality>
    <techHediffsMoney>
      <min>120</min>
      <max>3000</max>
    </techHediffsMoney>
    <techHediffsTags>
      <li>Good</li>
    </techHediffsTags>
    <techHediffsChance>0.02</techHediffsChance>
    <minGenerationAge>1</minGenerationAge>
    <maxGenerationAge>300</maxGenerationAge>
  </PawnKindDef>

</Defs>